"pokemon_id","pokemon_name_fr","pokemon_name_en","talent_id","talent_name_fr","talent_name_en","talent_description_fr","commentaire"
"1","Bulbizarre","bulbasaur","OVERGROW","Engrais","Overgrow","Les autres Pokémon de la team qui ont l'offensive type plante ont un bonus d'attaque de 5%.",""
"2","Herbizarre","ivysaur","OVERGROW_PLUS","Engrais +","Overgrow +","Les autres Pokémon de la team qui ont l'offensive type plante ont un bonus d'attaque de 10%.",""
"3","Florizarre","venusaur","OVERGROW_PLUS_PLUS","Engrais ++","Overgrow ++","Les autres Pokémon de la team qui ont l'offensive type plante ont un bonus d'attaque de 15%.",""
"4","Salamèche","charmander","BLAZE","Brasier","Blaze","Les autres Pokémon de la team qui ont l'offensive type feu ont un bonus d'attaque de 5%.",""
"5","Reptincel","charmeleon","BLAZE_PLUS","Brasier +","Blaze +","Les autres Pokémon de la team qui ont l'offensive type feu ont un bonus d'attaque de 10%.",""
"6","Dracaufeu","charizard","BLAZE_PLUS_PLUS","Brasier ++","Blaze ++","Les autres Pokémon de la team qui ont l'offensive type feu ont un bonus d'attaque de 15%.",""
"7","Carapuce","squirtle","TORRENT","Torrent","Torrent","Les autres Pokémon de la team qui ont l'offensive type eau ont un bonus d'attaque de 5%.",""
"8","Carabaffe","wartortle","TORRENT_PLUS","Torrent +","Torrent +","Les autres Pokémon de la team qui ont l'offensive type eau ont un bonus d'attaque de 10%.",""
"9","Tortank","blastoise","TORRENT_PLUS_PLUS","Torrent ++","Torrent ++","Les autres Pokémon de la team qui ont l'offensive type eau ont un bonus d'attaque de 15%.",""
"10","Chenipan","caterpie","NONE","Aucun","NONE","Aucun effet passif pour le moment.",""
"11","Chrysacier","metapod","NONE","Aucun","NONE","Aucun effet passif pour le moment.",""
"12","Papilusion","butterfree","NONE","Aucun","NONE","Aucun effet passif pour le moment.",""
"13","Aspicot","weedle","NONE","Aucun","NONE","Aucun effet passif pour le moment.",""
"14","Coconfort","kakuna","NONE","Aucun","NONE","Aucun effet passif pour le moment.",""
"15","Dardargnan","beedrill","NONE","Aucun","NONE","Aucun effet passif pour le moment.",""
"16","Roucool","pidgey","KEEN_EYE","Oeil Vif","Keen Eye","Ne rate jamais sa cible.",""
"17","Roucoups","pidgeotto","KEEN_EYE","Oeil Vif","Keen Eye","Ne rate jamais sa cible.",""
"18","Roucarnage","pidgeot","VALIANT_EYE","Oeil Vaillant","Valiant Eye","Ne rate jamais sa cible et a 10% de chance supplémentaire d'infliger des dégâts critique.",""
"19","Rattata","rattata","NONE","Aucun","NONE","Aucun effet passif pour le moment.",""
"20","Rattatac","raticate","NONE","Aucun","NONE","Aucun effet passif pour le moment.",""
"21","Piafabec","spearow","NONE","Aucun","NONE","Aucun effet passif pour le moment.",""
"22","Rapasdepic","fearow","NONE","Aucun","NONE","Aucun effet passif pour le moment.",""
"23","Abo","ekans","NONE","Aucun","NONE","Aucun effet passif pour le moment.",""
"24","Arbok","arbok","NONE","Aucun","NONE","Aucun effet passif pour le moment.",""
"25","Pikachu","pikachu","NONE","Aucun","NONE","Aucun effet passif pour le moment.",""
"26","Raichu","raichu","NONE","Aucun","NONE","Aucun effet passif pour le moment.",""
"27","Sabelette","sandshrew","NONE","Aucun","NONE","Aucun effet passif pour le moment.",""
"28","Sablaireau","sandslash","NONE","Aucun","NONE","Aucun effet passif pour le moment.",""
"29","Nidoran♀","nidoran-f","NONE","Aucun","NONE","Aucun effet passif pour le moment.",""
"30","Nidorina","nidorina","NONE","Aucun","NONE","Aucun effet passif pour le moment.",""
"31","Nidoqueen","nidoqueen","NONE","Aucun","NONE","Aucun effet passif pour le moment.",""
"32","Nidoran♂","nidoran-m","NONE","Aucun","NONE","Aucun effet passif pour le moment.",""
"33","Nidorino","nidorino","NONE","Aucun","NONE","Aucun effet passif pour le moment.",""
"34","Nidoking","nidoking","NONE","Aucun","NONE","Aucun effet passif pour le moment.",""
"35","Mélofée","clefairy","NONE","Aucun","NONE","Aucun effet passif pour le moment.",""
"36","Mélodelfe","clefable","NONE","Aucun","NONE","Aucun effet passif pour le moment.",""
"37","Goupix","vulpix","NONE","Aucun","NONE","Aucun effet passif pour le moment.",""
"38","Feunard","ninetales","NONE","Aucun","NONE","Aucun effet passif pour le moment.",""
"39","Rondoudou","jigglypuff","NONE","Aucun","NONE","Aucun effet passif pour le moment.",""
"40","Grodoudou","wigglytuff","NONE","Aucun","NONE","Aucun effet passif pour le moment.",""
"41","Nosferapti","zubat","NONE","Aucun","NONE","Aucun effet passif pour le moment.",""
"42","Nosferalto","golbat","NONE","Aucun","NONE","Aucun effet passif pour le moment.",""
"43","Mystherbe","oddish","NONE","Aucun","NONE","Aucun effet passif pour le moment.",""
"44","Ortide","gloom","NONE","Aucun","NONE","Aucun effet passif pour le moment.",""
"45","Rafflesia","vileplume","NONE","Aucun","NONE","Aucun effet passif pour le moment.",""
"46","Paras","paras","NONE","Aucun","NONE","Aucun effet passif pour le moment.",""
"47","Parasect","parasect","NONE","Aucun","NONE","Aucun effet passif pour le moment.",""
"48","Mimitoss","venonat","NONE","Aucun","NONE","Aucun effet passif pour le moment.",""
"49","Aéromite","venomoth","NONE","Aucun","NONE","Aucun effet passif pour le moment.",""
"50","Taupiqueur","diglett","NONE","Aucun","NONE","Aucun effet passif pour le moment.",""
"51","Triopikeur","dugtrio","NONE","Aucun","NONE","Aucun effet passif pour le moment.",""
"52","Miaouss","meowth","NONE","Aucun","NONE","Aucun effet passif pour le moment.",""
"53","Persian","persian","NONE","Aucun","NONE","Aucun effet passif pour le moment.",""
"54","Psykokwak","psyduck","NONE","Aucun","NONE","Aucun effet passif pour le moment.",""
"55","Akwakwak","golduck","NONE","Aucun","NONE","Aucun effet passif pour le moment.",""
"56","Férosinge","mankey","NONE","Aucun","NONE","Aucun effet passif pour le moment.",""
"57","Colossinge","primeape","NONE","Aucun","NONE","Aucun effet passif pour le moment.",""
"58","Caninos","growlithe","NONE","Aucun","NONE","Aucun effet passif pour le moment.",""
"59","Arcanin","arcanine","NONE","Aucun","NONE","Aucun effet passif pour le moment.",""
"60","Ptitard","poliwag","NONE","Aucun","NONE","Aucun effet passif pour le moment.",""
"61","Têtarte","poliwhirl","NONE","Aucun","NONE","Aucun effet passif pour le moment.",""
"62","Tartard","poliwrath","NONE","Aucun","NONE","Aucun effet passif pour le moment.",""
"63","Abra","abra","NONE","Aucun","NONE","Aucun effet passif pour le moment.",""
"64","Kadabra","kadabra","NONE","Aucun","NONE","Aucun effet passif pour le moment.",""
"65","Alakazam","alakazam","NONE","Aucun","NONE","Aucun effet passif pour le moment.",""
"66","Machoc","machop","NONE","Aucun","NONE","Aucun effet passif pour le moment.",""
"67","Machopeur","machoke","NONE","Aucun","NONE","Aucun effet passif pour le moment.",""
"68","Mackogneur","machamp","NONE","Aucun","NONE","Aucun effet passif pour le moment.",""
"69","Chétiflor","bellsprout","NONE","Aucun","NONE","Aucun effet passif pour le moment.",""
"70","Boustiflor","weepinbell","NONE","Aucun","NONE","Aucun effet passif pour le moment.",""
"71","Empiflor","victreebel","NONE","Aucun","NONE","Aucun effet passif pour le moment.",""
"72","Tentacool","tentacool","NONE","Aucun","NONE","Aucun effet passif pour le moment.",""
"73","Tentacruel","tentacruel","NONE","Aucun","NONE","Aucun effet passif pour le moment.",""
"74","Racaillou","geodude","NONE","Aucun","NONE","Aucun effet passif pour le moment.",""
"75","Gravalanch","graveler","NONE","Aucun","NONE","Aucun effet passif pour le moment.",""
"76","Grolem","golem","NONE","Aucun","NONE","Aucun effet passif pour le moment.",""
"77","Ponyta","ponyta","NONE","Aucun","NONE","Aucun effet passif pour le moment.",""
"78","Galopa","rapidash","NONE","Aucun","NONE","Aucun effet passif pour le moment.",""
"79","Ramoloss","slowpoke","NONE","Aucun","NONE","Aucun effet passif pour le moment.",""
"80","Flagadoss","slowbro","NONE","Aucun","NONE","Aucun effet passif pour le moment.",""
"81","Magnéti","magnemite","NONE","Aucun","NONE","Aucun effet passif pour le moment.",""
"82","Magnéton","magneton","NONE","Aucun","NONE","Aucun effet passif pour le moment.",""
"83","Canarticho","farfetchd","NONE","Aucun","NONE","Aucun effet passif pour le moment.",""
"84","Doduo","doduo","NONE","Aucun","NONE","Aucun effet passif pour le moment.",""
"85","Dodrio","dodrio","NONE","Aucun","NONE","Aucun effet passif pour le moment.",""
"86","Otaria","seel","NONE","Aucun","NONE","Aucun effet passif pour le moment.",""
"87","Lamantine","dewgong","NONE","Aucun","NONE","Aucun effet passif pour le moment.",""
"88","Tadmorv","grimer","NONE","Aucun","NONE","Aucun effet passif pour le moment.",""
"89","Grotadmorv","muk","NONE","Aucun","NONE","Aucun effet passif pour le moment.",""
"90","Kokiyas","shellder","NONE","Aucun","NONE","Aucun effet passif pour le moment.",""
"91","Crustabri","cloyster","NONE","Aucun","NONE","Aucun effet passif pour le moment.",""
"92","Fantominus","gastly","NONE","Aucun","NONE","Aucun effet passif pour le moment.",""
"93","Spectrum","haunter","NONE","Aucun","NONE","Aucun effet passif pour le moment.",""
"94","Ectoplasma","gengar","NONE","Aucun","NONE","Aucun effet passif pour le moment.",""
"95","Onix","onix","NONE","Aucun","NONE","Aucun effet passif pour le moment.",""
"96","Soporifik","drowzee","NONE","Aucun","NONE","Aucun effet passif pour le moment.",""
"97","Hypnomade","hypno","NONE","Aucun","NONE","Aucun effet passif pour le moment.",""
"98","Krabby","krabby","NONE","Aucun","NONE","Aucun effet passif pour le moment.",""
"99","Krabboss","kingler","NONE","Aucun","NONE","Aucun effet passif pour le moment.",""
"100","Voltorbe","voltorb","NONE","Aucun","NONE","Aucun effet passif pour le moment.",""
"101","Électrode","electrode","NONE","Aucun","NONE","Aucun effet passif pour le moment.",""
"102","Noeunoeuf","exeggcute","NONE","Aucun","NONE","Aucun effet passif pour le moment.",""
"103","Noadkoko","exeggutor","NONE","Aucun","NONE","Aucun effet passif pour le moment.",""
"104","Osselait","cubone","NONE","Aucun","NONE","Aucun effet passif pour le moment.",""
"105","Ossatueur","marowak","NONE","Aucun","NONE","Aucun effet passif pour le moment.",""
"106","Kicklee","hitmonlee","NONE","Aucun","NONE","Aucun effet passif pour le moment.",""
"107","Tygnon","hitmonchan","NONE","Aucun","NONE","Aucun effet passif pour le moment.",""
"108","Excelangue","lickitung","NONE","Aucun","NONE","Aucun effet passif pour le moment.",""
"109","Smogo","koffing","NONE","Aucun","NONE","Aucun effet passif pour le moment.",""
"110","Smogogo","weezing","NONE","Aucun","NONE","Aucun effet passif pour le moment.",""
"111","Rhinocorne","rhyhorn","NONE","Aucun","NONE","Aucun effet passif pour le moment.",""
"112","Rhinoféros","rhydon","NONE","Aucun","NONE","Aucun effet passif pour le moment.",""
"113","Leveinard","chansey","NONE","Aucun","NONE","Aucun effet passif pour le moment.",""
"114","Saquedeneu","tangela","NONE","Aucun","NONE","Aucun effet passif pour le moment.",""
"115","Kangourex","kangaskhan","NONE","Aucun","NONE","Aucun effet passif pour le moment.",""
"116","Hypotrempe","horsea","NONE","Aucun","NONE","Aucun effet passif pour le moment.",""
"117","Hypocéan","seadra","NONE","Aucun","NONE","Aucun effet passif pour le moment.",""
"118","Poissirène","goldeen","NONE","Aucun","NONE","Aucun effet passif pour le moment.",""
"119","Poissoroy","seaking","NONE","Aucun","NONE","Aucun effet passif pour le moment.",""
"120","Stari","staryu","NONE","Aucun","NONE","Aucun effet passif pour le moment.",""
"121","Staross","starmie","NONE","Aucun","NONE","Aucun effet passif pour le moment.",""
"122","M. Mime","mr-mime","NONE","Aucun","NONE","Aucun effet passif pour le moment.",""
"123","Insécateur","scyther","NONE","Aucun","NONE","Aucun effet passif pour le moment.",""
"124","Lippoutou","jynx","NONE","Aucun","NONE","Aucun effet passif pour le moment.",""
"125","Élektek","electabuzz","NONE","Aucun","NONE","Aucun effet passif pour le moment.",""
"126","Magmar","magmar","NONE","Aucun","NONE","Aucun effet passif pour le moment.",""
"127","Scarabrute","pinsir","NONE","Aucun","NONE","Aucun effet passif pour le moment.",""
"128","Tauros","tauros","NONE","Aucun","NONE","Aucun effet passif pour le moment.",""
"129","Magicarpe","magikarp","LOSER","Loser","Loser","N'attaque jamais.",""
"130","Léviator","gyarados","NONE","Aucun","NONE","Aucun effet passif pour le moment.",""
"131","Lokhlass","lapras","NONE","Aucun","NONE","Aucun effet passif pour le moment.",""
"132","Métamorph","ditto","MORPHING","Morphing","Morphing","Imite le Pokémon précédent.","Prend le sprite du pokémon qui se trouve juste derrière lui dans la team, prend également ses bases stats (stats calculées par rapport au lvl du metamorph). Applique un shader au sprite du métamorph (le sprite copié du pokémon) qui le rend violet/rose dégoulinant"
"133","Évoli","eevee","NONE","Aucun","NONE","Aucun effet passif pour le moment.",""
"134","Aquali","vaporeon","NONE","Aucun","NONE","Aucun effet passif pour le moment.",""
"135","Voltali","jolteon","NONE","Aucun","NONE","Aucun effet passif pour le moment.",""
"136","Pyroli","flareon","NONE","Aucun","NONE","Aucun effet passif pour le moment.",""
"137","Porygon","porygon","NONE","Aucun","NONE","Aucun effet passif pour le moment.",""
"138","Amonita","omanyte","NONE","Aucun","NONE","Aucun effet passif pour le moment.",""
"139","Amonistar","omastar","NONE","Aucun","NONE","Aucun effet passif pour le moment.",""
"140","Kabuto","kabuto","NONE","Aucun","NONE","Aucun effet passif pour le moment.",""
"141","Kabutops","kabutops","NONE","Aucun","NONE","Aucun effet passif pour le moment.",""
"142","Ptéra","aerodactyl","NONE","Aucun","NONE","Aucun effet passif pour le moment.",""
"143","Ronflex","snorlax","NONE","Aucun","NONE","Aucun effet passif pour le moment.",""
"144","Artikodin","articuno","NONE","Aucun","NONE","Aucun effet passif pour le moment.",""
"145","Électhor","zapdos","NONE","Aucun","NONE","Aucun effet passif pour le moment.",""
"146","Sulfura","moltres","NONE","Aucun","NONE","Aucun effet passif pour le moment.",""
"147","Minidraco","dratini","NONE","Aucun","NONE","Aucun effet passif pour le moment.",""
"148","Draco","dragonair","NONE","Aucun","NONE","Aucun effet passif pour le moment.",""
"149","Dracolosse","dragonite","NONE","Aucun","NONE","Aucun effet passif pour le moment.",""
"150","Mewtwo","mewtwo","MIND_CONTROL","Contrôle Mental","Mind Control","Choisis aléatoirement l'un des 5 autres Pokémon de la team (qui peut attaquer) et le fait attaquer en même temps que lui.",""
"151","Mew","mew","ORIGIN_MIMICRY","Mimétisme Originel","Origin Mimicry","Choisis aléatoirement l'un des 5 autres Pokémon de la team et attaque avec son type offensif.",""
"152","Germignon","chikorita","OVERGROW","Engrais","Overgrow","Les autres Pokémon de la team qui ont l'offensive type plante ont un bonus d'attaque de 5%.",""
"153","Macronium","bayleef","OVERGROW_PLUS","Engrais +","Overgrow +","Les autres Pokémon de la team qui ont l'offensive type plante ont un bonus d'attaque de 10%.",""
"154","Méganium","meganium","OVERGROW_PLUS_PLUS","Engrais ++","Overgrow ++","Les autres Pokémon de la team qui ont l'offensive type plante ont un bonus d'attaque de 15%.",""
"155","Héricendre","cyndaquil","BLAZE","Brasier","Blaze","Les autres Pokémon de la team qui ont l'offensive type feu ont un bonus d'attaque de 5%.",""
"156","Feurisson","quilava","BLAZE_PLUS","Brasier +","Blaze +","Les autres Pokémon de la team qui ont l'offensive type feu ont un bonus d'attaque de 10%.",""
"157","Typhlosion","typhlosion","BLAZE_PLUS_PLUS","Brasier ++","Blaze ++","Les autres Pokémon de la team qui ont l'offensive type feu ont un bonus d'attaque de 15%.",""
"158","Kaiminus","totodile","TORRENT","Torrent","Torrent","Les autres Pokémon de la team qui ont l'offensive type eau ont un bonus d'attaque de 5%.",""
"159","Crocrodil","croconaw","TORRENT_PLUS","Torrent +","Torrent +","Les autres Pokémon de la team qui ont l'offensive type eau ont un bonus d'attaque de 10%.",""
"160","Aligatueur","feraligatr","TORRENT_PLUS_PLUS","Torrent ++","Torrent ++","Les autres Pokémon de la team qui ont l'offensive type eau ont un bonus d'attaque de 15%.",""
"161","Fouinette","sentret","NONE","Aucun","NONE","Aucun effet passif pour le moment.",""
"162","Fouinar","furret","NONE","Aucun","NONE","Aucun effet passif pour le moment.",""
"163","Hoothoot","hoothoot","NONE","Aucun","NONE","Aucun effet passif pour le moment.",""
"164","Noarfang","noctowl","NONE","Aucun","NONE","Aucun effet passif pour le moment.",""
"165","Coxy","ledyba","NONE","Aucun","NONE","Aucun effet passif pour le moment.",""
"166","Coxyclaque","ledian","NONE","Aucun","NONE","Aucun effet passif pour le moment.",""
"167","Mimigal","spinarak","NONE","Aucun","NONE","Aucun effet passif pour le moment.",""
"168","Migalos","ariados","NONE","Aucun","NONE","Aucun effet passif pour le moment.",""
"169","Nostenfer","crobat","NONE","Aucun","NONE","Aucun effet passif pour le moment.",""
"170","Loupio","chinchou","NONE","Aucun","NONE","Aucun effet passif pour le moment.",""
"171","Lanturn","lanturn","NONE","Aucun","NONE","Aucun effet passif pour le moment.",""
"172","Pichu","pichu","NONE","Aucun","NONE","Aucun effet passif pour le moment.",""
"173","Mélo","cleffa","NONE","Aucun","NONE","Aucun effet passif pour le moment.",""
"174","Toudoudou","igglybuff","NONE","Aucun","NONE","Aucun effet passif pour le moment.",""
"175","Togepi","togepi","NONE","Aucun","NONE","Aucun effet passif pour le moment.",""
"176","Togetic","togetic","NONE","Aucun","NONE","Aucun effet passif pour le moment.",""
"177","Natu","natu","NONE","Aucun","NONE","Aucun effet passif pour le moment.",""
"178","Xatu","xatu","NONE","Aucun","NONE","Aucun effet passif pour le moment.",""
"179","Wattouat","mareep","NONE","Aucun","NONE","Aucun effet passif pour le moment.",""
"180","Lainergie","flaaffy","NONE","Aucun","NONE","Aucun effet passif pour le moment.",""
"181","Pharamp","ampharos","NONE","Aucun","NONE","Aucun effet passif pour le moment.",""
"182","Joliflor","bellossom","NONE","Aucun","NONE","Aucun effet passif pour le moment.",""
"183","Marill","marill","NONE","Aucun","NONE","Aucun effet passif pour le moment.",""
"184","Azumarill","azumarill","NONE","Aucun","NONE","Aucun effet passif pour le moment.",""
"185","Simularbre","sudowoodo","NONE","Aucun","NONE","Aucun effet passif pour le moment.",""
"186","Tarpaud","politoed","NONE","Aucun","NONE","Aucun effet passif pour le moment.",""
"187","Granivol","hoppip","NONE","Aucun","NONE","Aucun effet passif pour le moment.",""
"188","Floravol","skiploom","NONE","Aucun","NONE","Aucun effet passif pour le moment.",""
"189","Cotovol","jumpluff","NONE","Aucun","NONE","Aucun effet passif pour le moment.",""
"190","Capumain","aipom","NONE","Aucun","NONE","Aucun effet passif pour le moment.",""
"191","Tournegrin","sunkern","NONE","Aucun","NONE","Aucun effet passif pour le moment.",""
"192","Héliatronc","sunflora","NONE","Aucun","NONE","Aucun effet passif pour le moment.",""
"193","Yanma","yanma","NONE","Aucun","NONE","Aucun effet passif pour le moment.",""
"194","Axoloto","wooper","NONE","Aucun","NONE","Aucun effet passif pour le moment.",""
"195","Maraiste","quagsire","NONE","Aucun","NONE","Aucun effet passif pour le moment.",""
"196","Mentali","espeon","NONE","Aucun","NONE","Aucun effet passif pour le moment.",""
"197","Noctali","umbreon","NONE","Aucun","NONE","Aucun effet passif pour le moment.",""
"198","Cornèbre","murkrow","NONE","Aucun","NONE","Aucun effet passif pour le moment.",""
"199","Roigada","slowking","NONE","Aucun","NONE","Aucun effet passif pour le moment.",""
"200","Feuforêve","misdreavus","NONE","Aucun","NONE","Aucun effet passif pour le moment.",""
"201","Zarbi","unown","NONE","Aucun","NONE","Aucun effet passif pour le moment.",""
"202","Qulbutoké","wobbuffet","NONE","Aucun","NONE","Aucun effet passif pour le moment.",""
"203","Girafarig","girafarig","NONE","Aucun","NONE","Aucun effet passif pour le moment.",""
"204","Pomdepik","pineco","NONE","Aucun","NONE","Aucun effet passif pour le moment.",""
"205","Foretress","forretress","NONE","Aucun","NONE","Aucun effet passif pour le moment.",""
"206","Insolourdo","dunsparce","NONE","Aucun","NONE","Aucun effet passif pour le moment.",""
"207","Scorplane","gligar","NONE","Aucun","NONE","Aucun effet passif pour le moment.",""
"208","Steelix","steelix","NONE","Aucun","NONE","Aucun effet passif pour le moment.",""
"209","Snubbull","snubbull","NONE","Aucun","NONE","Aucun effet passif pour le moment.",""
"210","Granbull","granbull","NONE","Aucun","NONE","Aucun effet passif pour le moment.",""
"211","Qwilfish","qwilfish","NONE","Aucun","NONE","Aucun effet passif pour le moment.",""
"212","Cizayox","scizor","NONE","Aucun","NONE","Aucun effet passif pour le moment.",""
"213","Caratroc","shuckle","NONE","Aucun","NONE","Aucun effet passif pour le moment.",""
"214","Scarhino","heracross","NONE","Aucun","NONE","Aucun effet passif pour le moment.",""
"215","Farfuret","sneasel","NONE","Aucun","NONE","Aucun effet passif pour le moment.",""
"216","Teddiursa","teddiursa","NONE","Aucun","NONE","Aucun effet passif pour le moment.",""
"217","Ursaring","ursaring","NONE","Aucun","NONE","Aucun effet passif pour le moment.",""
"218","Limagma","slugma","NONE","Aucun","NONE","Aucun effet passif pour le moment.",""
"219","Volcaropod","magcargo","NONE","Aucun","NONE","Aucun effet passif pour le moment.",""
"220","Marcacrin","swinub","NONE","Aucun","NONE","Aucun effet passif pour le moment.",""
"221","Cochignon","piloswine","NONE","Aucun","NONE","Aucun effet passif pour le moment.",""
"222","Corayon","corsola","NONE","Aucun","NONE","Aucun effet passif pour le moment.",""
"223","Rémoraid","remoraid","NONE","Aucun","NONE","Aucun effet passif pour le moment.",""
"224","Octillery","octillery","NONE","Aucun","NONE","Aucun effet passif pour le moment.",""
"225","Cadoizo","delibird","NONE","Aucun","NONE","Aucun effet passif pour le moment.",""
"226","Démanta","mantine","NONE","Aucun","NONE","Aucun effet passif pour le moment.",""
"227","Airmure","skarmory","NONE","Aucun","NONE","Aucun effet passif pour le moment.",""
"228","Malosse","houndour","NONE","Aucun","NONE","Aucun effet passif pour le moment.",""
"229","Démolosse","houndoom","NONE","Aucun","NONE","Aucun effet passif pour le moment.",""
"230","Hyporoi","kingdra","NONE","Aucun","NONE","Aucun effet passif pour le moment.",""
"231","Phanpy","phanpy","NONE","Aucun","NONE","Aucun effet passif pour le moment.",""
"232","Donphan","donphan","NONE","Aucun","NONE","Aucun effet passif pour le moment.",""
"233","Porygon2","porygon2","NONE","Aucun","NONE","Aucun effet passif pour le moment.",""
"234","Cerfrousse","stantler","NONE","Aucun","NONE","Aucun effet passif pour le moment.",""
"235","Queulorior","smeargle","NONE","Aucun","NONE","Aucun effet passif pour le moment.",""
"236","Debugant","tyrogue","NONE","Aucun","NONE","Aucun effet passif pour le moment.",""
"237","Kapoera","hitmontop","NONE","Aucun","NONE","Aucun effet passif pour le moment.",""
"238","Lippouti","smoochum","NONE","Aucun","NONE","Aucun effet passif pour le moment.",""
"239","Élekid","elekid","NONE","Aucun","NONE","Aucun effet passif pour le moment.",""
"240","Magby","magby","NONE","Aucun","NONE","Aucun effet passif pour le moment.",""
"241","Écrémeuh","miltank","NONE","Aucun","NONE","Aucun effet passif pour le moment.",""
"242","Leuphorie","blissey","NONE","Aucun","NONE","Aucun effet passif pour le moment.",""
"243","Raikou","raikou","NONE","Aucun","NONE","Aucun effet passif pour le moment.",""
"244","Entei","entei","NONE","Aucun","NONE","Aucun effet passif pour le moment.",""
"245","Suicune","suicune","NONE","Aucun","NONE","Aucun effet passif pour le moment.",""
"246","Embrylex","larvitar","NONE","Aucun","NONE","Aucun effet passif pour le moment.",""
"247","Ymphect","pupitar","NONE","Aucun","NONE","Aucun effet passif pour le moment.",""
"248","Tyranocif","tyranitar","NONE","Aucun","NONE","Aucun effet passif pour le moment.",""
"249","Lugia","lugia","NONE","Aucun","NONE","Aucun effet passif pour le moment.",""
"250","Ho-Oh","ho-oh","NONE","Aucun","NONE","Aucun effet passif pour le moment.",""
"251","Celebi","celebi","NONE","Aucun","NONE","Aucun effet passif pour le moment.",""
"252","Arcko","treecko","OVERGROW","Engrais","Overgrow","Les autres Pokémon de la team qui ont l'offensive type plante ont un bonus d'attaque de 5%.",""
"253","Massko","grovyle","OVERGROW_PLUS","Engrais +","Overgrow +","Les autres Pokémon de la team qui ont l'offensive type plante ont un bonus d'attaque de 10%.",""
"254","Jungko","sceptile","OVERGROW_PLUS_PLUS","Engrais ++","Overgrow ++","Les autres Pokémon de la team qui ont l'offensive type plante ont un bonus d'attaque de 15%.",""
"255","Poussifeu","torchic","BLAZE","Brasier","Blaze","Les autres Pokémon de la team qui ont l'offensive type feu ont un bonus d'attaque de 5%.",""
"256","Galifeu","combusken","BLAZE_PLUS","Brasier +","Blaze +","Les autres Pokémon de la team qui ont l'offensive type feu ont un bonus d'attaque de 10%.",""
"257","Braségali","blaziken","BLAZE_PLUS_PLUS","Brasier ++","Blaze ++","Les autres Pokémon de la team qui ont l'offensive type feu ont un bonus d'attaque de 15%.",""
"258","Gobou","mudkip","TORRENT","Torrent","Torrent","Les autres Pokémon de la team qui ont l'offensive type eau ont un bonus d'attaque de 5%.",""
"259","Flobio","marshtomp","TORRENT_PLUS","Torrent +","Torrent +","Les autres Pokémon de la team qui ont l'offensive type eau ont un bonus d'attaque de 10%.",""
"260","Laggron","swampert","TORRENT_PLUS_PLUS","Torrent ++","Torrent ++","Les autres Pokémon de la team qui ont l'offensive type eau ont un bonus d'attaque de 15%.",""
"261","Medhyèna","poochyena","NONE","Aucun","NONE","Aucun effet passif pour le moment.",""
"262","Grahyèna","mightyena","NONE","Aucun","NONE","Aucun effet passif pour le moment.",""
"263","Zigzaton","zigzagoon","NONE","Aucun","NONE","Aucun effet passif pour le moment.",""
"264","Linéon","linoone","NONE","Aucun","NONE","Aucun effet passif pour le moment.",""
"265","Chenipotte","wurmple","NONE","Aucun","NONE","Aucun effet passif pour le moment.",""
"266","Armulys","silcoon","NONE","Aucun","NONE","Aucun effet passif pour le moment.",""
"267","Charmillon","beautifly","NONE","Aucun","NONE","Aucun effet passif pour le moment.",""
"268","Blindalys","cascoon","NONE","Aucun","NONE","Aucun effet passif pour le moment.",""
"269","Papinox","dustox","NONE","Aucun","NONE","Aucun effet passif pour le moment.",""
"270","Nénupiot","lotad","NONE","Aucun","NONE","Aucun effet passif pour le moment.",""
"271","Lombre","lombre","NONE","Aucun","NONE","Aucun effet passif pour le moment.",""
"272","Ludicolo","ludicolo","NONE","Aucun","NONE","Aucun effet passif pour le moment.",""
"273","Grainipiot","seedot","NONE","Aucun","NONE","Aucun effet passif pour le moment.",""
"274","Pifeuil","nuzleaf","NONE","Aucun","NONE","Aucun effet passif pour le moment.",""
"275","Tengalice","shiftry","NONE","Aucun","NONE","Aucun effet passif pour le moment.",""
"276","Nirondelle","taillow","NONE","Aucun","NONE","Aucun effet passif pour le moment.",""
"277","Hélédelle","swellow","NONE","Aucun","NONE","Aucun effet passif pour le moment.",""
"278","Goélise","wingull","NONE","Aucun","NONE","Aucun effet passif pour le moment.",""
"279","Bekipan","pelipper","NONE","Aucun","NONE","Aucun effet passif pour le moment.",""
"280","Tarsal","ralts","NONE","Aucun","NONE","Aucun effet passif pour le moment.",""
"281","Kirlia","kirlia","NONE","Aucun","NONE","Aucun effet passif pour le moment.",""
"282","Gardevoir","gardevoir","NONE","Aucun","NONE","Aucun effet passif pour le moment.",""
"283","Arakdo","surskit","NONE","Aucun","NONE","Aucun effet passif pour le moment.",""
"284","Maskadra","masquerain","NONE","Aucun","NONE","Aucun effet passif pour le moment.",""
"285","Balignon","shroomish","NONE","Aucun","NONE","Aucun effet passif pour le moment.",""
"286","Chapignon","breloom","NONE","Aucun","NONE","Aucun effet passif pour le moment.",""
"287","Parecool","slakoth","NONE","Aucun","NONE","Aucun effet passif pour le moment.",""
"288","Vigoroth","vigoroth","NONE","Aucun","NONE","Aucun effet passif pour le moment.",""
"289","Monaflèmit","slaking","NONE","Aucun","NONE","Aucun effet passif pour le moment.",""
"290","Ningale","nincada","NONE","Aucun","NONE","Aucun effet passif pour le moment.",""
"291","Ninjask","ninjask","NONE","Aucun","NONE","Aucun effet passif pour le moment.",""
"292","Munja","shedinja","NONE","Aucun","NONE","Aucun effet passif pour le moment.",""
"293","Chuchmur","whismur","NONE","Aucun","NONE","Aucun effet passif pour le moment.",""
"294","Ramboum","loudred","NONE","Aucun","NONE","Aucun effet passif pour le moment.",""
"295","Brouhabam","exploud","NONE","Aucun","NONE","Aucun effet passif pour le moment.",""
"296","Makuhita","makuhita","NONE","Aucun","NONE","Aucun effet passif pour le moment.",""
"297","Hariyama","hariyama","NONE","Aucun","NONE","Aucun effet passif pour le moment.",""
"298","Azurill","azurill","NONE","Aucun","NONE","Aucun effet passif pour le moment.",""
"299","Tarinor","nosepass","NONE","Aucun","NONE","Aucun effet passif pour le moment.",""
"300","Skitty","skitty","NONE","Aucun","NONE","Aucun effet passif pour le moment.",""
"301","Delcatty","delcatty","NONE","Aucun","NONE","Aucun effet passif pour le moment.",""
"302","Ténéfix","sableye","NONE","Aucun","NONE","Aucun effet passif pour le moment.",""
"303","Mysdibule","mawile","NONE","Aucun","NONE","Aucun effet passif pour le moment.",""
"304","Galekid","aron","NONE","Aucun","NONE","Aucun effet passif pour le moment.",""
"305","Galegon","lairon","NONE","Aucun","NONE","Aucun effet passif pour le moment.",""
"306","Galeking","aggron","NONE","Aucun","NONE","Aucun effet passif pour le moment.",""
"307","Méditikka","meditite","NONE","Aucun","NONE","Aucun effet passif pour le moment.",""
"308","Charmina","medicham","NONE","Aucun","NONE","Aucun effet passif pour le moment.",""
"309","Dynavolt","electrike","NONE","Aucun","NONE","Aucun effet passif pour le moment.",""
"310","Élecsprint","manectric","NONE","Aucun","NONE","Aucun effet passif pour le moment.",""
"311","Posipi","plusle","NONE","Aucun","NONE","Aucun effet passif pour le moment.",""
"312","Négapi","minun","NONE","Aucun","NONE","Aucun effet passif pour le moment.",""
"313","Muciole","volbeat","NONE","Aucun","NONE","Aucun effet passif pour le moment.",""
"314","Lumivole","illumise","NONE","Aucun","NONE","Aucun effet passif pour le moment.",""
"315","Rosélia","roselia","NONE","Aucun","NONE","Aucun effet passif pour le moment.",""
"316","Gloupti","gulpin","NONE","Aucun","NONE","Aucun effet passif pour le moment.",""
"317","Avaltout","swalot","NONE","Aucun","NONE","Aucun effet passif pour le moment.",""
"318","Carvanha","carvanha","NONE","Aucun","NONE","Aucun effet passif pour le moment.",""
"319","Sharpedo","sharpedo","NONE","Aucun","NONE","Aucun effet passif pour le moment.",""
"320","Wailmer","wailmer","NONE","Aucun","NONE","Aucun effet passif pour le moment.",""
"321","Wailord","wailord","NONE","Aucun","NONE","Aucun effet passif pour le moment.",""
"322","Chamallot","numel","NONE","Aucun","NONE","Aucun effet passif pour le moment.",""
"323","Camérupt","camerupt","NONE","Aucun","NONE","Aucun effet passif pour le moment.",""
"324","Chartor","torkoal","NONE","Aucun","NONE","Aucun effet passif pour le moment.",""
"325","Spoink","spoink","NONE","Aucun","NONE","Aucun effet passif pour le moment.",""
"326","Groret","grumpig","NONE","Aucun","NONE","Aucun effet passif pour le moment.",""
"327","Spinda","spinda","NONE","Aucun","NONE","Aucun effet passif pour le moment.",""
"328","Kraknoix","trapinch","NONE","Aucun","NONE","Aucun effet passif pour le moment.",""
"329","Vibraninf","vibrava","NONE","Aucun","NONE","Aucun effet passif pour le moment.",""
"330","Libégon","flygon","NONE","Aucun","NONE","Aucun effet passif pour le moment.",""
"331","Cacnea","cacnea","NONE","Aucun","NONE","Aucun effet passif pour le moment.",""
"332","Cacturne","cacturne","NONE","Aucun","NONE","Aucun effet passif pour le moment.",""
"333","Tylton","swablu","NONE","Aucun","NONE","Aucun effet passif pour le moment.",""
"334","Altaria","altaria","NONE","Aucun","NONE","Aucun effet passif pour le moment.",""
"335","Mangriff","zangoose","NONE","Aucun","NONE","Aucun effet passif pour le moment.",""
"336","Séviper","seviper","NONE","Aucun","NONE","Aucun effet passif pour le moment.",""
"337","Séléroc","lunatone","NONE","Aucun","NONE","Aucun effet passif pour le moment.",""
"338","Solaroc","solrock","NONE","Aucun","NONE","Aucun effet passif pour le moment.",""
"339","Barloche","barboach","NONE","Aucun","NONE","Aucun effet passif pour le moment.",""
"340","Barbicha","whiscash","NONE","Aucun","NONE","Aucun effet passif pour le moment.",""
"341","Écrapince","corphish","NONE","Aucun","NONE","Aucun effet passif pour le moment.",""
"342","Colhomard","crawdaunt","NONE","Aucun","NONE","Aucun effet passif pour le moment.",""
"343","Balbuto","baltoy","NONE","Aucun","NONE","Aucun effet passif pour le moment.",""
"344","Kaorine","claydol","NONE","Aucun","NONE","Aucun effet passif pour le moment.",""
"345","Lilia","lileep","NONE","Aucun","NONE","Aucun effet passif pour le moment.",""
"346","Vacilys","cradily","NONE","Aucun","NONE","Aucun effet passif pour le moment.",""
"347","Anorith","anorith","NONE","Aucun","NONE","Aucun effet passif pour le moment.",""
"348","Armaldo","armaldo","NONE","Aucun","NONE","Aucun effet passif pour le moment.",""
"349","Barpau","feebas","NONE","Aucun","NONE","Aucun effet passif pour le moment.",""
"350","Milobellus","milotic","NONE","Aucun","NONE","Aucun effet passif pour le moment.",""
"351","Morphéo","castform","NONE","Aucun","NONE","Aucun effet passif pour le moment.",""
"352","Kecleon","kecleon","NONE","Aucun","NONE","Aucun effet passif pour le moment.",""
"353","Polichombr","shuppet","NONE","Aucun","NONE","Aucun effet passif pour le moment.",""
"354","Branette","banette","NONE","Aucun","NONE","Aucun effet passif pour le moment.",""
"355","Skelénox","duskull","NONE","Aucun","NONE","Aucun effet passif pour le moment.",""
"356","Téraclope","dusclops","NONE","Aucun","NONE","Aucun effet passif pour le moment.",""
"357","Tropius","tropius","NONE","Aucun","NONE","Aucun effet passif pour le moment.",""
"358","Éoko","chimecho","NONE","Aucun","NONE","Aucun effet passif pour le moment.",""
"359","Absol","absol","NONE","Aucun","NONE","Aucun effet passif pour le moment.",""
"360","Okéoké","wynaut","NONE","Aucun","NONE","Aucun effet passif pour le moment.",""
"361","Stalgamin","snorunt","NONE","Aucun","NONE","Aucun effet passif pour le moment.",""
"362","Oniglali","glalie","NONE","Aucun","NONE","Aucun effet passif pour le moment.",""
"363","Obalie","spheal","NONE","Aucun","NONE","Aucun effet passif pour le moment.",""
"364","Phogleur","sealeo","NONE","Aucun","NONE","Aucun effet passif pour le moment.",""
"365","Kaimorse","walrein","NONE","Aucun","NONE","Aucun effet passif pour le moment.",""
"366","Coquiperl","clamperl","NONE","Aucun","NONE","Aucun effet passif pour le moment.",""
"367","Serpang","huntail","NONE","Aucun","NONE","Aucun effet passif pour le moment.",""
"368","Rosabyss","gorebyss","NONE","Aucun","NONE","Aucun effet passif pour le moment.",""
"369","Relicanth","relicanth","NONE","Aucun","NONE","Aucun effet passif pour le moment.",""
"370","Lovdisc","luvdisc","NONE","Aucun","NONE","Aucun effet passif pour le moment.",""
"371","Draby","bagon","NONE","Aucun","NONE","Aucun effet passif pour le moment.",""
"372","Drackhaus","shelgon","NONE","Aucun","NONE","Aucun effet passif pour le moment.",""
"373","Drattak","salamence","NONE","Aucun","NONE","Aucun effet passif pour le moment.",""
"374","Terhal","beldum","NONE","Aucun","NONE","Aucun effet passif pour le moment.",""
"375","Métang","metang","NONE","Aucun","NONE","Aucun effet passif pour le moment.",""
"376","Métalosse","metagross","NONE","Aucun","NONE","Aucun effet passif pour le moment.",""
"377","Regirock","regirock","NONE","Aucun","NONE","Aucun effet passif pour le moment.",""
"378","Regice","regice","NONE","Aucun","NONE","Aucun effet passif pour le moment.",""
"379","Registeel","registeel","NONE","Aucun","NONE","Aucun effet passif pour le moment.",""
"380","Latias","latias","NONE","Aucun","NONE","Aucun effet passif pour le moment.",""
"381","Latios","latios","NONE","Aucun","NONE","Aucun effet passif pour le moment.",""
"382","Kyogre","kyogre","NONE","Aucun","NONE","Aucun effet passif pour le moment.",""
"383","Groudon","groudon","NONE","Aucun","NONE","Aucun effet passif pour le moment.",""
"384","Rayquaza","rayquaza","NONE","Aucun","NONE","Aucun effet passif pour le moment.",""
"385","Jirachi","jirachi","NONE","Aucun","NONE","Aucun effet passif pour le moment.",""
"386","Deoxys","deoxys-normal","NONE","Aucun","NONE","Aucun effet passif pour le moment.",""
"387","Tortipouss","turtwig","OVERGROW","Engrais","Overgrow","Les autres Pokémon de la team qui ont l'offensive type plante ont un bonus d'attaque de 5%.",""
"388","Boskara","grotle","OVERGROW_PLUS","Engrais +","Overgrow +","Les autres Pokémon de la team qui ont l'offensive type plante ont un bonus d'attaque de 10%.",""
"389","Torterra","torterra","OVERGROW_PLUS_PLUS","Engrais ++","Overgrow ++","Les autres Pokémon de la team qui ont l'offensive type plante ont un bonus d'attaque de 15%.",""
"390","Ouisticram","chimchar","BLAZE","Brasier","Blaze","Les autres Pokémon de la team qui ont l'offensive type feu ont un bonus d'attaque de 5%.",""
"391","Chimpenfeu","monferno","BLAZE_PLUS","Brasier +","Blaze +","Les autres Pokémon de la team qui ont l'offensive type feu ont un bonus d'attaque de 10%.",""
"392","Simiabraz","infernape","BLAZE_PLUS_PLUS","Brasier ++","Blaze ++","Les autres Pokémon de la team qui ont l'offensive type feu ont un bonus d'attaque de 15%.",""
"393","Tiplouf","piplup","TORRENT","Torrent","Torrent","Les autres Pokémon de la team qui ont l'offensive type eau ont un bonus d'attaque de 5%.",""
"394","Prinplouf","prinplup","TORRENT_PLUS","Torrent +","Torrent +","Les autres Pokémon de la team qui ont l'offensive type eau ont un bonus d'attaque de 10%.",""
"395","Pingoléon","empoleon","TORRENT_PLUS_PLUS","Torrent ++","Torrent ++","Les autres Pokémon de la team qui ont l'offensive type eau ont un bonus d'attaque de 15%.",""
"396","Étourmi","starly","NONE","Aucun","NONE","Aucun effet passif pour le moment.",""
"397","Étourvol","staravia","NONE","Aucun","NONE","Aucun effet passif pour le moment.",""
"398","Étouraptor","staraptor","NONE","Aucun","NONE","Aucun effet passif pour le moment.",""
"399","Keunotor","bidoof","NONE","Aucun","NONE","Aucun effet passif pour le moment.",""
"400","Castorno","bibarel","NONE","Aucun","NONE","Aucun effet passif pour le moment.",""
"401","Crikzik","kricketot","NONE","Aucun","NONE","Aucun effet passif pour le moment.",""
"402","Mélokrik","kricketune","NONE","Aucun","NONE","Aucun effet passif pour le moment.",""
"403","Lixy","shinx","NONE","Aucun","NONE","Aucun effet passif pour le moment.",""
"404","Luxio","luxio","NONE","Aucun","NONE","Aucun effet passif pour le moment.",""
"405","Luxray","luxray","NONE","Aucun","NONE","Aucun effet passif pour le moment.",""
"406","Rozbouton","budew","NONE","Aucun","NONE","Aucun effet passif pour le moment.",""
"407","Roserade","roserade","NONE","Aucun","NONE","Aucun effet passif pour le moment.",""
"408","Kranidos","cranidos","NONE","Aucun","NONE","Aucun effet passif pour le moment.",""
"409","Charkos","rampardos","NONE","Aucun","NONE","Aucun effet passif pour le moment.",""
"410","Dinoclier","shieldon","NONE","Aucun","NONE","Aucun effet passif pour le moment.",""
"411","Bastiodon","bastiodon","NONE","Aucun","NONE","Aucun effet passif pour le moment.",""
"412","Cheniti","burmy","NONE","Aucun","NONE","Aucun effet passif pour le moment.",""
"413","Cheniselle","wormadam-plant","NONE","Aucun","NONE","Aucun effet passif pour le moment.",""
"414","Papilord","mothim","NONE","Aucun","NONE","Aucun effet passif pour le moment.",""
"415","Apitrini","combee","NONE","Aucun","NONE","Aucun effet passif pour le moment.",""
"416","Apireine","vespiquen","NONE","Aucun","NONE","Aucun effet passif pour le moment.",""
"417","Pachirisu","pachirisu","NONE","Aucun","NONE","Aucun effet passif pour le moment.",""
"418","Mustébouée","buizel","NONE","Aucun","NONE","Aucun effet passif pour le moment.",""
"419","Mustéflott","floatzel","NONE","Aucun","NONE","Aucun effet passif pour le moment.",""
"420","Ceribou","cherubi","NONE","Aucun","NONE","Aucun effet passif pour le moment.",""
"421","Ceriflor","cherrim","NONE","Aucun","NONE","Aucun effet passif pour le moment.",""
"422","Sancoki","shellos","NONE","Aucun","NONE","Aucun effet passif pour le moment.",""
"423","Tritosor","gastrodon","NONE","Aucun","NONE","Aucun effet passif pour le moment.",""
"424","Capidextre","ambipom","NONE","Aucun","NONE","Aucun effet passif pour le moment.",""
"425","Baudrive","drifloon","NONE","Aucun","NONE","Aucun effet passif pour le moment.",""
"426","Grodrive","drifblim","NONE","Aucun","NONE","Aucun effet passif pour le moment.",""
"427","Laporeille","buneary","NONE","Aucun","NONE","Aucun effet passif pour le moment.",""
"428","Lockpin","lopunny","NONE","Aucun","NONE","Aucun effet passif pour le moment.",""
"429","Magirêve","mismagius","NONE","Aucun","NONE","Aucun effet passif pour le moment.",""
"430","Corboss","honchkrow","NONE","Aucun","NONE","Aucun effet passif pour le moment.",""
"431","Chaglam","glameow","NONE","Aucun","NONE","Aucun effet passif pour le moment.",""
"432","Chaffreux","purugly","NONE","Aucun","NONE","Aucun effet passif pour le moment.",""
"433","Korillon","chingling","NONE","Aucun","NONE","Aucun effet passif pour le moment.",""
"434","Moufouette","stunky","NONE","Aucun","NONE","Aucun effet passif pour le moment.",""
"435","Moufflair","skuntank","NONE","Aucun","NONE","Aucun effet passif pour le moment.",""
"436","Archéomire","bronzor","NONE","Aucun","NONE","Aucun effet passif pour le moment.",""
"437","Archéodong","bronzong","NONE","Aucun","NONE","Aucun effet passif pour le moment.",""
"438","Manzaï","bonsly","NONE","Aucun","NONE","Aucun effet passif pour le moment.",""
"439","Mime Jr.","mime-jr","NONE","Aucun","NONE","Aucun effet passif pour le moment.",""
"440","Ptiravi","happiny","NONE","Aucun","NONE","Aucun effet passif pour le moment.",""
"441","Pijako","chatot","NONE","Aucun","NONE","Aucun effet passif pour le moment.",""
"442","Spiritomb","spiritomb","NONE","Aucun","NONE","Aucun effet passif pour le moment.",""
"443","Griknot","gible","NONE","Aucun","NONE","Aucun effet passif pour le moment.",""
"444","Carmache","gabite","NONE","Aucun","NONE","Aucun effet passif pour le moment.",""
"445","Carchacrok","garchomp","NONE","Aucun","NONE","Aucun effet passif pour le moment.",""
"446","Goinfrex","munchlax","NONE","Aucun","NONE","Aucun effet passif pour le moment.",""
"447","Riolu","riolu","NONE","Aucun","NONE","Aucun effet passif pour le moment.",""
"448","Lucario","lucario","NONE","Aucun","NONE","Aucun effet passif pour le moment.",""
"449","Hippopotas","hippopotas","NONE","Aucun","NONE","Aucun effet passif pour le moment.",""
"450","Hippodocus","hippowdon","NONE","Aucun","NONE","Aucun effet passif pour le moment.",""
"451","Rapion","skorupi","NONE","Aucun","NONE","Aucun effet passif pour le moment.",""
"452","Drascore","drapion","NONE","Aucun","NONE","Aucun effet passif pour le moment.",""
"453","Cradopaud","croagunk","NONE","Aucun","NONE","Aucun effet passif pour le moment.",""
"454","Coatox","toxicroak","NONE","Aucun","NONE","Aucun effet passif pour le moment.",""
"455","Vortente","carnivine","NONE","Aucun","NONE","Aucun effet passif pour le moment.",""
"456","Écayon","finneon","NONE","Aucun","NONE","Aucun effet passif pour le moment.",""
"457","Luminéon","lumineon","NONE","Aucun","NONE","Aucun effet passif pour le moment.",""
"458","Babimanta","mantyke","NONE","Aucun","NONE","Aucun effet passif pour le moment.",""
"459","Blizzi","snover","NONE","Aucun","NONE","Aucun effet passif pour le moment.",""
"460","Blizzaroi","abomasnow","NONE","Aucun","NONE","Aucun effet passif pour le moment.",""
"461","Dimoret","weavile","NONE","Aucun","NONE","Aucun effet passif pour le moment.",""
"462","Magnézone","magnezone","NONE","Aucun","NONE","Aucun effet passif pour le moment.",""
"463","Coudlangue","lickilicky","NONE","Aucun","NONE","Aucun effet passif pour le moment.",""
"464","Rhinastoc","rhyperior","NONE","Aucun","NONE","Aucun effet passif pour le moment.",""
"465","Bouldeneu","tangrowth","NONE","Aucun","NONE","Aucun effet passif pour le moment.",""
"466","Élekable","electivire","NONE","Aucun","NONE","Aucun effet passif pour le moment.",""
"467","Maganon","magmortar","NONE","Aucun","NONE","Aucun effet passif pour le moment.",""
"468","Togekiss","togekiss","NONE","Aucun","NONE","Aucun effet passif pour le moment.",""
"469","Yanmega","yanmega","NONE","Aucun","NONE","Aucun effet passif pour le moment.",""
"470","Phyllali","leafeon","NONE","Aucun","NONE","Aucun effet passif pour le moment.",""
"471","Givrali","glaceon","NONE","Aucun","NONE","Aucun effet passif pour le moment.",""
"472","Scorvol","gliscor","NONE","Aucun","NONE","Aucun effet passif pour le moment.",""
"473","Mammochon","mamoswine","NONE","Aucun","NONE","Aucun effet passif pour le moment.",""
"474","Porygon-Z","porygon-z","NONE","Aucun","NONE","Aucun effet passif pour le moment.",""
"475","Gallame","gallade","NONE","Aucun","NONE","Aucun effet passif pour le moment.",""
"476","Tarinorme","probopass","NONE","Aucun","NONE","Aucun effet passif pour le moment.",""
"477","Noctunoir","dusknoir","NONE","Aucun","NONE","Aucun effet passif pour le moment.",""
"478","Momartik","froslass","NONE","Aucun","NONE","Aucun effet passif pour le moment.",""
"479","Motisma","rotom","NONE","Aucun","NONE","Aucun effet passif pour le moment.",""
"480","Créhelf","uxie","NONE","Aucun","NONE","Aucun effet passif pour le moment.",""
"481","Créfollet","mesprit","NONE","Aucun","NONE","Aucun effet passif pour le moment.",""
"482","Créfadet","azelf","NONE","Aucun","NONE","Aucun effet passif pour le moment.",""
"483","Dialga","dialga","NONE","Aucun","NONE","Aucun effet passif pour le moment.",""
"484","Palkia","palkia","NONE","Aucun","NONE","Aucun effet passif pour le moment.",""
"485","Heatran","heatran","NONE","Aucun","NONE","Aucun effet passif pour le moment.",""
"486","Regigigas","regigigas","NONE","Aucun","NONE","Aucun effet passif pour le moment.",""
"487","Giratina","giratina-altered","NONE","Aucun","NONE","Aucun effet passif pour le moment.",""
"488","Cresselia","cresselia","NONE","Aucun","NONE","Aucun effet passif pour le moment.",""
"489","Phione","phione","NONE","Aucun","NONE","Aucun effet passif pour le moment.",""
"490","Manaphy","manaphy","NONE","Aucun","NONE","Aucun effet passif pour le moment.",""
"491","Darkrai","darkrai","NONE","Aucun","NONE","Aucun effet passif pour le moment.",""
"492","Shaymin","shaymin-land","NONE","Aucun","NONE","Aucun effet passif pour le moment.",""
"493","Arceus","arceus","NONE","Aucun","NONE","Aucun effet passif pour le moment.",""
